{
    "Seattle": {
        "station": "GHCND:US1WAKG0038",
        "state": "WA",
        "totalMonthlyPrecipitation": [
            1693,
            730,
            870,
            752,
            924,
            601,
            54,
            104,
            996,
            908,
            1192,
            2356
        ],
        "relativeMonthlyPrecipitation": {
            "2010-01": 15.143112701252237,
            "2010-02": 6.529516994633274,
            "2010-03": 7.78175313059034,
            "2010-04": 6.726296958855098,
            "2010-05": 8.264758497316636,
            "2010-06": 5.375670840787119,
            "2010-07": 0.48300536672629696,
            "2010-08": 0.9302325581395349,
            "2010-09": 8.9087656529517,
            "2010-10": 8.1216457960644,
            "2010-11": 10.661896243291592,
            "2010-12": 21.073345259391772
        },
        "totalYearlyPrecipitation": 11180
    }
}